day,gid,gnick,nick,lv,power,maxpower,sumkill,die,score,caiji,createdAt
20241120,2643303,EB,#1-JOOKER808,27,18585774,18595472,28097,40860,3833680,2484032914,2024-11-21T20:36:55.000Z
20241121,2643303,EB,#1-JOOKER808,27,18662771,18706491,28097,40860,3833680,2519686475,2024-11-22T23:12:00.000Z
20241124,2645296,ST,#1-JOOKER808,27,18890674,18906378,28097,41028,3833680,2606041212,2024-11-25T18:31:04.000Z
20241125,2645296,ST,#1-JOOKER808,27,18948172,18966534,28097,41252,3833680,2639688960,2024-11-26T16:13:47.000Z
20241126,2645296,ST,#1-JOOKER808,27,19273917,19278933,28097,41332,3833680,2674085568,2024-11-27T18:31:46.000Z
20241127,2645296,ST,#1-JOOKER808,28,19637016,19642854,32422,41880,4316010,2742853813,2024-11-28T16:13:30.000Z
20241128,2645296,ST,#1-JOOKER808,28,19637016,19642854,32422,41880,4316010,2742853813,2024-11-29T18:24:42.000Z
20241129,2645296,ST,#1-JOOKER808,28,19716698,19719614,32422,41904,4316010,2763053813,2024-12-02T15:58:28.000Z
20241130,2645296,ST,#1-JOOKER808,28,19860759,19860915,33187,41928,4577290,2794003054,2024-12-02T16:33:13.000Z
20241201,2645296,ST,#1-JOOKER808,28,20000439,20003199,34250,42371,4834590,2831180038,2024-12-02T17:18:55.000Z
20241202,2645296,ST,#1-JOOKER808,28,20088168,20088168,34250,42383,4834590,2854042351,2024-12-03T15:28:16.000Z
20241203,2645296,ST,#1-JOOKER808,28,20193725,20194181,34495,42383,4880390,2884572351,2024-12-04T15:28:27.000Z
20241204,2645296,ST,#1-JOOKER808,28,20276053,20276053,34555,42383,4886630,2907502351,2024-12-05T18:23:55.000Z
20241205,2645296,ST,#1-JOOKER808,28,20397037,20398615,34847,42430,4927630,2935049705,2024-12-06T16:31:48.000Z
20241206,2645296,ST,#1-JOOKER808,28,20398891,20400205,35199,42430,4992430,2969699705,2024-12-09T15:58:58.000Z
20241207,2645296,ST,#1-JOOKER808,28,20449979,20449979,36073,42849,5187410,2994449705,2024-12-09T16:35:55.000Z
20241208,2645296,ST,#1-JOOKER808,28,20575310,20577602,36073,43197,5187410,3024874481,2024-12-09T17:34:43.000Z
20241209,2645296,ST,#1-JOOKER808,28,20793382,20793382,36073,43269,5187410,3059297653,2024-12-10T18:19:47.000Z
20241213,2645296,ST,#1-JOOKER808,28,23195759,23245629,37456,44732,5502410,3189233267,2024-12-14T16:43:06.000Z
20241214,2645296,ST,#1-JOOKER808,28,23539290,23589430,37456,46332,5502410,3226640335,2024-12-16T10:10:02.000Z
20241216,2645296,ST,#1-JOOKER808,28,23801978,23842262,40065,47751,5896350,3300243355,2024-12-17T15:52:56.000Z
20241217,2645296,ST,#1-JOOKER808,28,23741103,24024343,40065,47835,5896350,3323779786,2024-12-18T11:17:03.000Z
20241218,2645296,ST,#1-JOOKER808,28,23824333,24024343,40065,47919,5896350,3366232677,2024-12-19T10:52:30.000Z
20241219,2645296,ST,#1-JOOKER808,28,24262244,24301214,46002,48816,6651120,3409555127,2024-12-20T12:09:49.000Z
20241220,2645296,ST,#1-JOOKER808,28,24544296,24576606,47063,49722,6872620,3452852096,2024-12-23T16:03:53.000Z
20241221,2645296,ST,#1-JOOKER808,28,24889481,24927341,47063,49746,6872620,3487785037,2024-12-24T17:30:37.000Z
20241222,2645296,ST,#1-JOOKER808,28,25283611,25312645,48925,50209,7154965,3532572752,2024-12-25T14:42:02.000Z
20241223,2645296,ST,#1-JOOKER808,28,25383187,25408771,49717,52270,7403565,3571204681,2024-12-25T16:19:54.000Z
20241224,2645296,ST,#1-JOOKER808,28,25507304,25526246,50400,53946,7604465,3601398793,2024-12-25T18:39:01.000Z
20241225,2645296,ST,#1-JOOKER808,28,25622966,25641200,50550,54200,7630265,3635453935,2024-12-27T13:26:41.000Z
20241226,2645296,ST,#1-JOOKER808,28,26093297,26112305,52481,55878,8116715,3681789336,2024-12-30T11:13:19.000Z
20241227,2645296,ST,#1-JOOKER808,28,27258495,27296895,54851,57163,8556315,3760183680,2024-12-30T16:21:56.000Z
20241228,2645296,ST,#1-JOOKER808,28,27556838,27580682,54851,57219,8556315,3809288927,2024-12-31T11:07:15.000Z
20241229,2643303,EB,#1-JOOKER808,28,27568482,27593904,54851,57219,8556315,3832902422,2024-12-31T13:15:46.000Z
20241230,2643303,EB,#1-JOOKER808,28,27748350,27772320,54851,57339,8556315,3877902422,2024-12-31T18:54:15.000Z
20241231,2643303,EB,#1-JOOKER808,28,27801915,27824727,56680,57429,8842795,3916367503,2025-01-02T15:53:41.000Z
20250101,2643303,EB,#1-JOOKER808,28,28093429,28114543,56680,57469,8842795,3970317503,2025-01-02T17:17:30.000Z
20250102,2643303,EB,#1-JOOKER808,28,28242806,28253534,56680,57469,8842795,4010717503,2025-01-03T10:53:49.000Z
20250103,2643303,EB,#1-JOOKER808,29,28596138,28615116,56680,57469,8842795,4053155632,2025-01-04T17:05:54.000Z
20250104,2645296,ST,#1-JOOKER808,29,26976993,28781962,59532,58209,9401695,4099998453,2025-01-05T17:31:34.000Z
20250105,2645296,ST,#1-JOOKER808,29,27519156,28781962,61563,60467,9873695,4142297080,2025-01-06T13:03:56.000Z
20250106,2645296,ST,#1-JOOKER808,29,27897158,28781962,61583,61355,9886495,4177859994,2025-01-07T12:26:03.000Z
20250107,2645296,ST,#1-JOOKER808,29,28080878,28781962,61583,61371,9886495,4224739253,2025-01-08T14:45:08.000Z
20250111,2645296,ST,#1-JOOKER808,29,29907994,29934694,61999,61431,9969695,4355274196,2025-01-13T18:30:37.000Z
20250112,2645296,ST,#1-JOOKER808,29,30088069,30108019,62077,61889,10000895,4393399725,2025-01-14T01:28:25.000Z
20250113,2645296,ST,#1-JOOKER808,29,30204714,30220170,62077,61889,10000895,4438027630,2025-01-14T14:37:58.000Z
20250114,2645296,ST,#1-JOOKER808,29,30544339,30559579,62108,62259,10007645,4473071845,2025-01-15T22:46:05.000Z
20250115,2645296,ST,#1-JOOKER808,29,30597195,30609765,62108,62259,10007645,4518084016,2025-01-16T10:48:18.000Z
20250116,2645296,ST,#1-JOOKER808,29,30605699,30622787,62186,62375,10035445,4549071092,2025-01-17T18:47:05.000Z
20250117,2645296,ST,#1-JOOKER808,29,30757379,30768899,62186,62375,10035445,4584838766,2025-01-18T13:18:12.000Z
20250118,2645296,ST,#1-JOOKER808,29,31386275,31393643,62186,62375,10035445,4623667256,2025-01-19T16:18:54.000Z
20250119,2645296,ST,#1-JOOKER808,29,33119637,32226116,63420,65156,10512145,4666869349,2025-01-20T12:58:41.000Z
20250120,2645296,ST,#1-JOOKER808,29,32743461,32246443,63886,65866,10692145,4714572734,2025-01-21T18:21:46.000Z
20250121,2645296,ST,#1-JOOKER808,29,32978967,32496745,65628,66576,11212265,4750472959,2025-01-22T16:34:16.000Z
20250122,2645296,ST,#1-JOOKER808,29,33239649,32768389,66087,67055,11309105,4786943926,2025-01-23T14:56:04.000Z
20250123,2645296,ST,#1-JOOKER808,29,33180174,32768389,67081,70016,11609825,4826923591,2025-01-24T10:36:28.000Z
20250124,2645296,ST,#1-JOOKER808,29,33390395,32907435,69298,75643,12236245,4858956487,2025-01-25T23:08:44.000Z
20250125,2645296,ST,#1-JOOKER808,29,33463694,32963781,70000,76094,12470245,4897363245,2025-01-26T15:54:48.000Z
20250126,2645296,ST,#1-JOOKER808,29,33645052,33135957,71724,77952,12842365,4934193340,2025-01-27T13:50:52.000Z
20250127,2645296,ST,#1-JOOKER808,29,33812560,33292255,72125,79172,12928265,4977019497,2025-01-28T23:54:02.000Z
20250128,2645296,ST,#1-JOOKER808,29,33973031,33526719,72917,81282,13217065,5020258112,2025-01-29T00:58:53.000Z
20250129,2645296,ST,#1-JOOKER808,29,35343449,34805918,73324,82613,13348065,5064324552,2025-01-29T23:08:38.000Z
20250130,2645296,ST,#1-JOOKER808,30,35743696,35219269,74470,83572,13662805,5105643019,2025-01-31T20:16:34.000Z
20250131,2645296,ST,#1-JOOKER808,30,36140807,35614466,75110,84020,13963205,5134354623,2025-02-01T01:33:55.000Z
20250201,2645296,ST,#1-JOOKER808,30,36420931,35915818,75119,84420,13968605,5172049255,2025-02-04T19:45:25.000Z
20250202,2645296,ST,#1-JOOKER808,30,36625435,36103893,75119,84420,13968605,5200007295,2025-02-04T20:51:36.000Z
20250203,2645296,ST,#1-JOOKER808,30,36822961,36293575,75119,84420,13968605,5231395118,2025-02-04T21:45:51.000Z
20250204,2645296,ST,#1-JOOKER808,30,36891942,36355110,75119,84420,13968605,5267458622,2025-02-04T22:40:43.000Z
20250205,2645296,ST,#1-JOOKER808,30,37200323,36665417,76703,85042,14503605,5309014538,2025-02-07T10:45:12.000Z
20250206,2645296,ST,#1-JOOKER808,30,37377269,36834431,76811,85566,14579205,5344335013,2025-02-07T11:56:21.000Z
20250207,2645296,ST,#1-JOOKER808,30,37627803,37118443,76811,85710,14579205,5374721837,2025-02-08T18:17:19.000Z
20250208,2645296,ST,#1-JOOKER808,30,38162306,37642944,76811,85710,14579205,5421010154,2025-02-09T19:49:09.000Z
20250209,2645296,ST,#1-JOOKER808,31,38717542,38256367,76811,85710,14579205,5454760154,2025-02-10T12:25:11.000Z
20250210,2645296,ST,#1-JOOKER808,31,38743810,38279797,76811,85734,14579205,5477260154,2025-02-11T14:52:28.000Z
20250211,2645296,ST,#1-JOOKER808,31,38894924,38423555,77889,86542,14848805,5516945149,2025-02-12T11:00:01.000Z
20250212,2645296,ST,#1-JOOKER808,31,39523855,39051862,82865,87832,16146755,5572706067,2025-02-12T22:58:44.000Z
20250214,2645296,ST,#1-JOOKER808,31,40127032,39663619,83229,87864,16232355,5617825704,2025-02-15T17:01:13.000Z
20250215,2645296,ST,#1-JOOKER808,31,40349506,39829851,83229,87864,16232355,5653825704,2025-02-16T14:19:33.000Z
20250216,2645296,ST,#1-JOOKER808,31,40423652,39904669,83229,87872,16232355,5685325704,2025-02-16T21:47:22.000Z
20250217,2645296,ST,#1-JOOKER808,31,40815005,40357666,83229,87880,16232355,5730325704,2025-02-18T10:54:57.000Z
20250218,2645296,ST,#1-JOOKER808,31,40836775,40377798,83229,87888,16232355,5764075704,2025-02-19T14:32:47.000Z
20250220,2645296,ST,#1-JOOKER808,31,41211352,40748547,83229,87896,16232355,5809075704,2025-02-21T16:45:12.000Z
20250221,2645296,ST,#1-JOOKER808,31,41420796,40952310,83229,87896,16232355,5854075704,2025-02-22T11:08:56.000Z
20250222,2645296,ST,#1-JOOKER808,31,41711287,41238337,83229,87904,16232355,5900774760,2025-02-23T20:48:50.000Z
20250223,2645296,ST,#1-JOOKER808,31,41700698,41438502,83295,88438,16278555,5935792284,2025-02-23T22:42:43.000Z
20250224,2645296,ST,#1-JOOKER808,31,41940602,41458909,83295,88441,16278555,5974966699,2025-02-25T15:26:29.000Z
20250225,2645296,ST,#1-JOOKER808,31,42428250,41934461,83295,88441,16278555,6002866699,2025-02-26T11:26:04.000Z
20250226,2645296,ST,#1-JOOKER808,31,25357882,42013845,83853,90658,16581755,6042601564,2025-02-27T10:19:08.000Z
20250227,2645296,ST,#1-JOOKER808,31,42367502,42413366,84018,91828,16640855,6064819450,2025-02-28T11:49:11.000Z
20250228,2645296,ST,#1-JOOKER808,31,42421268,42463106,84018,92068,16640855,6110122061,2025-03-01T17:58:51.000Z
20250301,2645296,ST,#1-JOOKER808,31,42503941,42543223,84344,92404,16744455,6146419568,2025-03-03T10:25:00.000Z
20250302,2645296,ST,#1-JOOKER808,31,42505186,42544828,84550,94241,16836455,6184526172,2025-03-03T14:42:05.000Z
20250303,2645296,ST,#1-JOOKER808,31,42876264,42913350,84890,95839,17046455,6225222343,2025-03-04T20:38:14.000Z
20250304,2645296,ST,#1-JOOKER808,31,43169955,43200573,84974,97113,17107655,6269458195,2025-03-05T01:57:02.000Z
20250305,2645296,ST,#1-JOOKER808,32,43354915,43386319,85420,97858,17374205,6302374911,2025-03-06T12:10:02.000Z
20250306,2645296,ST,#1-JOOKER808,32,43692796,43724512,85420,98050,17374205,6350728856,2025-03-22T23:59:10.000Z
20250307,2645296,ST,#1-JOOKER808,32,43774216,43781698,85420,98200,17374205,6377728856,2025-03-22T20:45:10.000Z
20250308,2645296,ST,#1-JOOKER808,32,44264195,44302901,85644,99838,17510205,6426781702,2025-03-22T19:32:59.000Z
20250309,2645296,ST,#1-JOOKER808,32,45022535,45046289,85980,99966,17606605,6462617643,2025-03-21T18:10:01.000Z
20250310,2645296,ST,#1-JOOKER808,32,45337548,45360900,86226,100308,17679805,6506138931,2025-03-21T17:08:54.000Z
20250311,2645296,ST,#1-JOOKER808,32,45541481,45573905,86298,100556,17724205,6555657552,2025-03-21T15:29:26.000Z
20250312,2645296,ST,#1-JOOKER808,32,46002185,46025081,86298,100654,17724205,6608959598,2025-03-21T14:27:26.000Z
20250313,2645296,ST,#1-JOOKER808,32,46341518,46363478,86298,100662,17724205,6653954805,2025-03-21T13:23:17.000Z
20250314,2645296,ST,#1-JOOKER808,32,46368202,46390714,86298,100670,17724205,6698954805,2025-03-21T11:36:53.000Z
20250315,2645296,ST,#1-JOOKER808,32,46469485,46736870,86565,101486,17874505,6767198467,2025-03-21T10:26:56.000Z
20250316,2645296,ST,#1-JOOKER808,32,46901182,46927168,86577,102233,17882905,6804402218,2025-03-21T01:37:14.000Z
20250317,2645296,ST,#1-JOOKER808,32,33284156,47037044,86639,103230,17932505,6855353831,2025-03-21T00:38:07.000Z
20250318,2645296,ST,#1-JOOKER808,32,47067364,47078368,86676,103254,17958505,6886414759,2025-03-20T22:50:34.000Z
20250319,2645296,ST,#1-JOOKER808,32,47612169,47620101,87494,103550,18130505,6934706761,2025-03-20T20:18:51.000Z
20250320,2645296,ST,#1-JOOKER808,32,48493191,48521961,87494,103630,18130505,7015810120,2025-03-20T21:43:31.000Z
20250322,2645296,ST,#1-JOOKER808,32,48746694,48787824,88402,103654,18339505,7073247415,2025-03-23T01:19:15.000Z
20250323,2645296,ST,#1-JOOKER808,32,48762983,48804113,88402,103654,18339505,7095747415,2025-03-24T11:35:38.000Z
20250324,2645296,ST,#1-JOOKER808,32,48894391,48931153,88402,103662,18339505,7118247415,2025-03-25T10:43:31.000Z
20250325,2645296,ST,#1-JOOKER808,32,49026850,49060414,90835,104006,19006205,7147262969,2025-03-26T15:07:36.000Z
20250326,2645296,ST,#1-JOOKER808,32,48146174,49103322,91329,104006,19134305,7191963560,2025-03-27T11:31:14.000Z
20250327,2645296,ST,#1-JOOKER808,32,47443458,49103322,92273,104114,19373905,7253652923,2025-03-28T16:45:21.000Z
20250329,2645296,ST,#1-JOOKER808,32,49048134,49103322,93379,105407,19776355,7338481327,2025-03-29T22:02:17.000Z
20250331,2645296,ST,#1-JOOKER808,32,50796107,50942911,98107,108994,21826255,7421944643,2025-04-01T18:13:59.000Z
20250401,2645296,ST,#1-JOOKER,32,51025268,51132284,98107,109002,21826255,7465794643,2025-04-02T12:48:28.000Z
20250402,2645296,ST,#1-JOOKER808,32,51528704,52024672,99983,111346,22766035,7490604014,2025-04-03T10:50:53.000Z
20250403,2645296,ST,#1-JOOKER808,32,51596487,52094244,99983,111354,22766035,7516814512,2025-04-03T20:35:45.000Z
20250404,2645296,ST,#1-JOOKER808,32,51748103,52196062,99983,111362,22766035,7557214512,2025-04-06T00:07:08.000Z
20250405,2645296,ST,#1-JOOKER808,32,52645440,52724947,100623,111969,23120435,7595583498,2025-04-06T02:16:10.000Z
20250406,2645296,ST,#1-JOOKER808,32,52732127,52742321,100623,112023,23120435,7642532479,2025-04-07T01:42:51.000Z
20250407,2645296,ST,#1-JOOKER808,32,53303886,53308716,101046,113588,23319435,7678839458,2025-04-08T14:04:21.000Z
20250419,2645296,ST,#1-JOOKER808,32,57659099,57670277,105565,122203,25704165,8140237652,2025-04-19T23:38:06.000Z
20250420,2645296,ST,#1-JOOKER808,32,58740552,58742148,105565,122219,25704165,8180549414,2025-04-21T00:12:45.000Z
20250421,2645296,ST,#1-JOOKER808,32,58958146,58970360,105565,122223,25704165,8218816212,2025-04-23T00:58:42.000Z
20250422,2645296,ST,#1-JOOKER808,32,60530270,60530828,105694,122809,25808165,8267704104,2025-04-24T10:51:12.000Z
20250423,2645296,ST,#1-JOOKER808,32,61219707,61219707,108268,126481,26665065,8303542602,2025-04-24T12:02:36.000Z
20250424,2645296,ST,#1-JOOKER808,32,60177851,61616840,108490,127717,26738665,8354186431,2025-04-25T11:36:05.000Z
20250425,2645296,ST,#1-JOOKER808,32,62118191,62121449,109290,127873,27162065,8381186431,2025-04-27T00:53:19.000Z
20250426,2645296,ST,#1-JOOKER808,32,63207353,63207353,109632,128901,27292165,8434506030,2025-04-27T02:04:19.000Z
20250427,2645296,ST,#1-JOOKER808,32,63444542,63444542,110226,129603,27554365,8483681445,2025-04-28T10:38:04.000Z
20250428,2645296,ST,#1-JOOKER808,32,63766196,63776960,111096,130677,27879765,8531380944,2025-04-29T00:56:43.000Z
20250429,2645296,ST,#1-JOOKER808,32,63939284,63942674,111096,130717,27879765,8579376474,2025-04-30T18:00:14.000Z
20250430,2645296,ST,#1-JOOKER808,32,64858210,64861540,111872,131631,28300765,8620881976,2025-05-01T13:22:51.000Z
20250501,2645296,ST,#1-JOOKER808,32,65247074,65259776,111974,131985,28357165,8670702950,2025-05-02T21:25:22.000Z
20250502,2645296,ST,#1-JOOKER808,32,65553511,65644425,111974,131989,28357165,8704452950,2025-05-03T20:09:29.000Z
20250503,2645296,ST,#1-JOOKER808,32,65234328,65802205,113837,132064,28958965,8742054384,2025-05-04T22:07:46.000Z
20250504,2645296,ST,#1-JOOKER808,32,64974478,65913586,113837,132126,28958965,8782454384,2025-05-04T23:51:07.000Z
20250505,2645296,ST,#1-JOOKER808,32,64852723,65964298,113837,132130,28958965,8822854384,2025-05-06T11:12:51.000Z
20250506,2645296,ST,#1-JOOKER808,32,64973288,66016133,113837,132175,28958965,8852951006,2025-05-07T10:33:36.000Z
20250507,2645296,ST,#1-JOOKER808,32,65264113,66045855,113837,132238,28958965,8883251006,2025-05-08T10:24:30.000Z
20250508,2645296,ST,#1-JOOKER808,32,65929456,66681370,113837,132418,28958965,8923651006,2025-05-09T10:15:10.000Z
20250509,2645296,ST,#1-JOOKER808,32,65994926,66743218,113837,132418,28958965,8943851006,2025-05-10T09:19:33.000Z
20250510,2645296,ST,#1-JOOKER808,32,66025734,66752218,113837,132458,28958965,8964051006,2025-05-11T06:47:48.000Z
20250511,2645296,ST,#1-JOOKER808,32,66082417,66761218,113837,132511,28958965,9004451006,2025-05-12T10:39:32.000Z
20250512,2645296,ST,#1-JOOKER808,32,66600981,66962745,113837,132511,28958965,9026951006,2025-05-13T10:33:44.000Z
20250513,2645296,ST,#1-JOOKER808,32,66736511,66973790,113837,132511,28958965,9058675636,2025-05-14T10:57:29.000Z
20250516,2645296,ST,#1-JOOKER808,32,67083086,67264474,113837,132553,28958965,9159925636,2025-05-17T09:11:03.000Z
20250517,2645296,ST,#1-JOOKER808,32,67161512,67313778,113873,133045,28991365,9199919260,2025-05-18T09:04:31.000Z
20250518,2645296,ST,#1-JOOKER808,32,67544386,67607708,114557,134166,29325165,9236509419,2025-05-19T10:11:44.000Z
20250519,2645296,ST,#1-JOOKER808,32,67715484,67777708,114727,134662,29394965,9273427297,2025-05-20T11:46:38.000Z
20250520,2645296,ST,#1-JOOKER808,32,69360259,69422417,116859,138002,30517065,9319843041,2025-05-21T17:35:28.000Z
20250521,2645296,ST,#1-JOOKER808,32,69280529,69750857,117239,138824,30783265,9348417514,2025-05-22T11:18:50.000Z
20250522,2645296,ST,#1-JOOKER808,32,69429687,70197134,117827,139679,31225945,9379666938,2025-05-23T10:27:39.000Z
20250523,2645296,ST,#1-JOOKER808,32,70249192,70296394,117827,139703,31225945,9426917898,2025-05-24T10:51:49.000Z
20250524,2645296,ST,#1-JOOKER808,32,70253446,70299694,118157,140163,31465345,9465078303,2025-05-25T11:12:11.000Z
20250525,2645296,ST,#1-JOOKER808,32,47727455,70895921,119111,142500,32040585,9510253008,2025-05-26T11:35:24.000Z
20250526,2645296,ST,#1-JOOKER808,32,71265563,71277071,119327,143260,32200185,9544032069,2025-05-27T11:41:16.000Z
20250527,2645296,ST,#1-JOOKER808,32,71542430,71548010,120519,143724,32857785,9583690375,2025-05-28T12:34:01.000Z
20250528,2645296,ST,#1-JOOKER808,32,72378628,72381256,120585,144059,32888985,9646723936,2025-05-29T11:55:14.000Z
20250529,2645296,ST,#1-JOOKER808,32,72568932,72574404,120621,144805,32916585,9678734374,2025-05-30T12:33:32.000Z
20250530,2645296,ST,#1-JOOKER808,32,72751606,72757498,120951,146016,33110685,9717867205,2025-05-31T11:21:09.000Z
20250531,2645296,ST,#1-JOOKER808,32,73020290,73057968,121317,147568,33347685,9724402715,2025-06-01T08:50:27.000Z
20250601,2645296,ST,#1-JOOKER808,32,72735506,73223780,122195,148940,33927885,9738255451,2025-06-02T06:56:55.000Z
20250602,2645296,ST,J/O/O/K/E/R/808,32,73453952,73456334,122291,149590,34009485,9784099066,2025-06-03T10:07:09.000Z
20250603,2645296,ST,J/O/O/K/E/R/808,32,73499880,73499880,122387,150068,34095885,9836188423,2025-06-04T12:36:07.000Z
20250604,2645296,ST,J/O/O/K/E/R/808,32,73758774,73759212,122388,150528,34096785,9860753161,2025-06-05T10:31:01.000Z
20250606,2645296,ST,J/O/O/K/E/R/808,32,49654076,74878037,122420,151952,34125585,9928142228,2025-06-07T12:01:39.000Z
20250607,2645296,ST,J/O/O/K/E/R/808,32,74692257,75200400,122420,151952,34125585,9964178891,2025-06-08T08:35:01.000Z
20250608,2645296,ST,J/O/O/K/E/R/808,32,50446922,75409184,123328,152948,34809185,10009479058,2025-06-09T10:16:17.000Z
20250609,2645296,ST,J/O/O/K/E/R/808,32,74214498,75966859,123570,154209,34947785,10051012562,2025-06-10T10:21:50.000Z
20250610,2645296,ST,J/O/O/K/E/R/808,32,74415095,76116549,123570,154221,34947785,10088212707,2025-06-11T10:14:01.000Z
20250613,2645296,ST,J/O/O/K/E/R/808,32,76266114,77578742,125543,157097,35662985,10250151255,2025-06-14T10:03:32.000Z
20250614,2645296,ST,J/O/O/K/E/R/808,32,76549455,77839692,126779,157369,36161585,10268362190,2025-06-15T08:06:50.000Z
20250615,2645296,ST,J/O/O/K/E/R/808,32,77130885,78838326,126927,157369,36265185,10306378658,2025-06-16T10:46:16.000Z
20250617,2645296,ST,J/O/O/K/E/R/808,32,75427396,79668062,127378,157685,36454685,10382798325,2025-06-18T11:05:32.000Z
20250618,2645296,ST,J/O/O/K/E/R/808,32,75099586,79798673,127378,157733,36454685,10427798325,2025-06-19T12:27:19.000Z
20250619,2645296,ST,J/O/O/K/E/R/808,32,76314985,79929219,127378,157733,36454685,10455533408,2025-06-20T10:16:36.000Z
20250620,2645296,ST,J/O/O/K/E/R/808,32,76765352,80202564,127378,157733,36454685,10500533408,2025-06-21T12:46:52.000Z
20250621,2645296,ST,J/O/O/K/E/R/808,32,77076528,80614182,127378,157745,36454685,10530833408,2025-06-22T10:51:22.000Z
20250622,2645296,ST,J/O/O/K/E/R/808,32,77119241,80621032,127378,157745,36454685,10561133408,2025-06-23T16:23:27.000Z
20250623,2645296,ST,J/O/O/K/E/R/808,32,77318963,80744084,127378,157751,36454685,10604674797,2025-06-24T12:49:09.000Z
20250624,2645296,ST,J/O/O/K/E/R/808,32,77342379,80747959,127378,157769,36454685,10627174797,2025-06-25T12:03:14.000Z
20250625,2645296,ST,J/O/O/K/E/R/808,32,77658352,80865728,127378,157781,36454685,10649674797,2025-06-26T17:47:10.000Z
20250626,2645296,ST,J/O/O/K/E/R/808,32,78775777,81149867,127378,157929,36454685,10672174797,2025-06-27T10:24:05.000Z
20250627,2645296,ST,J/O/O/K/E/R/808,32,80389954,81469928,127378,157965,36454685,10687441110,2025-06-28T15:16:54.000Z
20250628,2645296,ST,J/O/O/K/E/R/808,32,80434556,81509478,127378,157965,36454685,10734639275,2025-06-29T09:31:24.000Z
20250629,2645296,ST,J/O/O/K/E/R/808,32,80758799,81582419,127442,158243,36503085,10775199564,2025-06-30T13:42:46.000Z
20250630,2645296,ST,J/O/O/K/E/R/808,32,81092194,81916984,127442,158243,36503085,10820199564,2025-07-01T15:24:41.000Z
20250701,2645296,ST,J/O/O/K/E/R/808,32,81112481,81929309,127442,158247,36503085,10842699564,2025-07-02T11:54:27.000Z
20250702,2645296,ST,J/O/O/K/E/R/808,32,82016685,82143356,127442,158247,36503085,10876449564,2025-07-03T10:11:09.000Z
20250703,2645296,ST,J/O/O/K/E/R/808,32,82752034,82801402,127442,158251,36503085,10912449564,2025-07-04T10:21:15.000Z
20250704,2645296,ST,J/O/O/K/E/R/808,32,82929213,82976961,127442,158251,36503085,10952949564,2025-07-05T12:18:07.000Z
20250705,2645296,ST,J/O/O/K/E/R/808,32,83353986,83399334,127442,158251,36503085,11001676823,2025-07-06T14:01:52.000Z
20250706,2645296,ST,J/O/O/K/E/R/808,32,83451280,83494804,127442,158251,36503085,11042176823,2025-07-07T10:31:32.000Z
20250707,2645296,ST,J/O/O/K/E/R/808,32,84219749,84252659,127442,158251,36503085,11083012484,2025-07-08T12:34:25.000Z
20250708,2645296,ST,J/O/O/K/E/R/808,32,84674090,84706766,127624,158849,36569485,11119248763,2025-07-09T11:45:37.000Z
20250709,2645296,ST,J/O/O/K/E/R/808,32,85002737,85033571,127624,158849,36569485,11154998273,2025-07-10T12:12:21.000Z
20250710,2645296,ST,J/O/O/K/E/R/808,32,85231884,85257948,128354,159433,36720285,11202248882,2025-07-11T11:11:01.000Z
20250711,2645296,ST,J/O/O/K/E/R/808,32,85500980,85521374,128354,159433,36720285,11224748882,2025-07-12T12:33:19.000Z
20250712,2645296,ST,J/O/O/K/E/R/808,32,85697030,85715468,128420,159925,36779685,11278773824,2025-07-13T21:39:22.000Z
20250713,2645296,ST,J/O/O/K/E/R/808,32,86083639,86107417,128420,160271,36779685,11329528037,2025-07-14T15:07:45.000Z
20250714,2645296,ST,J/O/O/K/E/R/808,32,86497376,86522990,128420,160289,36779685,11378039557,2025-07-15T10:55:09.000Z
20250715,2645296,ST,J/O/O/K/E/R/808,32,86577846,86605224,129095,160757,37304985,11417826640,2025-07-16T14:40:58.000Z
20250721,2645296,ST,J/O/O/K/E/R/808,32,90644715,90688251,133193,165293,39982985,11607388651,2025-07-22T10:57:59.000Z
20250722,2645296,ST,J/O/O/K/E/R/808,32,93383091,90970988,135043,167903,41262385,11653329583,2025-07-23T10:51:08.000Z
20250723,2645296,ST,J/O/O/K/E/R/808,32,91834784,91887908,135599,169037,41750385,11702157366,2025-07-24T17:50:10.000Z
20250724,2645296,ST,J/O/O/K/E/R/808,32,91886022,91926660,136089,169097,42019185,11747650529,2025-07-25T11:59:50.000Z
20250725,2645296,ST,J/O/O/K/E/R/808,32,92691460,92726224,136089,169395,42019185,11797689795,2025-07-27T10:22:57.000Z
20250726,2645296,ST,J/O/O/K/E/R/808,32,93047379,93113043,136089,169395,42019185,11838189795,2025-07-27T11:10:22.000Z
20250727,2645296,ST,J/O/O/K/E/R/808,32,93779883,93837459,136089,169395,42019185,11887462152,2025-07-28T16:50:07.000Z
20250728,2645296,ST,J/O/O/K/E/R/808,32,93885608,93958502,136089,169395,42019185,11927312755,2025-07-29T16:12:55.000Z
20250729,2645296,ST,J/O/O/K/E/R/808,32,94004688,94071516,136089,169395,42019185,11963312755,2025-07-30T12:01:50.000Z
20250730,2645296,ST,J/O/O/K/E/R/808,32,94863600,94958507,136089,169395,42019185,11997062755,2025-07-31T13:49:40.000Z
20250731,2645296,ST,J/O/O/K/E/R/808,32,95013158,95061920,136101,169575,42028785,12044312755,2025-08-01T12:11:49.000Z
20250801,2645296,ST,J/O/O/K/E/R/808,32,95189658,95239572,136101,169575,42028785,12078062755,2025-08-02T14:27:05.000Z
20250802,2645296,ST,J/O/O/K/E/R/808,32,95674685,95736359,136101,169575,42028785,12100510314,2025-08-03T11:02:19.000Z
20250803,2645296,ST,J/O/O/K/E/R/808,32,95739523,95799745,136101,169575,42028785,12123010314,2025-08-04T10:32:18.000Z
20250804,2645296,ST,J/O/O/K/E/R/808,32,96161520,96218304,136101,169575,42028785,12145234533,2025-08-05T11:30:03.000Z
20250805,2645296,ST,J/O/O/K/E/R/808,32,96593449,96648895,136101,169575,42028785,12181234533,2025-08-06T12:11:05.000Z
20250806,2645296,ST,J/O/O/K/E/R/808,32,96870449,96918665,136101,169575,42028785,12203734533,2025-08-07T10:26:50.000Z
20250807,2645296,ST,J/O/O/K/E/R/808,32,96966594,97013550,136101,169575,42028785,12214984533,2025-08-08T17:29:38.000Z
20250808,2645296,ST,J/O/O/K/E/R/808,32,96991432,97040464,136101,169619,42028785,12248734533,2025-08-09T20:49:38.000Z
20250809,2645296,ST,J/O/O/K/E/R/808,32,97224688,97264684,136339,172211,42206385,12282727427,2025-08-10T10:47:41.000Z
20250810,2645296,ST,J/O/O/K/E/R/808,32,97241602,97275580,136487,173379,42308985,12313669439,2025-08-11T12:05:49.000Z
20250811,2645296,ST,J/O/O/K/E/R/808,32,97546076,97761109,137454,175377,42988085,12357531972,2025-08-12T11:59:30.000Z
20250812,2645296,ST,J/O/O/K/E/R/808,32,97792093,98057861,137454,175377,42988085,12389023111,2025-08-13T11:01:15.000Z
20250815,2645296,ST,J/O/O/K/E/R/808,32,98982809,99011993,137466,175759,42998885,12494584714,2025-08-17T09:09:55.000Z
20250816,2645296,ST,J/O/O/K/E/R/808,32,99098802,99119790,137466,175777,42998885,12521584714,2025-08-17T10:06:49.000Z
20250817,2645296,ST,J/O/O/K/E/R/808,32,100942463,100955015,137568,176301,43060085,12563532793,2025-08-18T10:23:10.000Z
20250818,2645296,ST,J/O/O/K/E/R/808,32,101091164,101101964,138998,177339,44074245,12607980497,2025-08-19T10:18:33.000Z
20250819,2645296,ST,J/O/O/K/E/R/808,32,100949314,101145342,138998,177357,44074245,12641730497,2025-08-20T10:28:42.000Z
20250820,2645296,ST,J/O/O/K/E/R/808,32,101074243,101278122,138998,177357,44074245,12675480497,2025-08-21T10:49:46.000Z
20250821,2645296,ST,J/O/O/K/E/R/808,32,101733503,101925662,138998,177363,44074245,12720694808,2025-08-22T10:29:24.000Z
20250822,2645296,ST,J/O/O/K/E/R/808,32,101819806,102007616,138998,177363,44074245,12758759366,2025-08-23T14:00:25.000Z
20250823,2645296,ST,J/O/O/K/E/R/808,32,102484632,102654186,138998,177465,44074245,12802150452,2025-08-24T09:51:19.000Z
20250824,2645296,ST,J/O/O/K/E/R/808,32,102963495,103132015,138998,177465,44074245,12844099253,2025-08-25T10:54:44.000Z
20250825,2645296,ST,J/O/O/K/E/R/808,32,103386714,103547500,139078,177695,44121845,12876889579,2025-08-26T11:49:41.000Z
20250826,2645296,ST,J/O/O/K/E/R/808,32,104199625,104315129,139154,178647,44190245,12921486690,2025-08-27T17:22:54.000Z
20250827,2645296,ST,J/O/O/K/E/R/808,32,104239635,104354209,139264,179759,44281445,12943106590,2025-08-28T12:00:24.000Z
20250828,2645296,ST,J/O/O/K/E/R/808,32,104251258,104370658,139300,179849,44313845,12976574168,2025-08-29T11:15:40.000Z
20250829,2645296,ST,J/O/O/K/E/R/808,32,104863901,104868515,139300,179849,44313845,12999074168,2025-08-30T09:02:41.000Z
20250830,2645296,ST,J/O/O/K/E/R/808,32,105263564,105270056,139448,180187,44418245,13033715396,2025-08-31T14:42:50.000Z
20250831,2645296,ST,J/O/O/K/E/R/808,32,105776627,105781613,139448,180759,44418245,13072528950,2025-09-01T11:29:41.000Z
20250901,2645296,ST,J/O/O/K/E/R/808,32,105812488,105818752,139574,182275,44524845,13087587599,2025-09-02T12:22:54.000Z
20250902,2645296,ST,J/O/O/K/E/R/808,32,72477994,105912921,139604,182745,44551845,13119563822,2025-09-03T11:07:05.000Z
20250903,2645296,ST,J/O/O/K/E/R/808,32,106177585,106183513,139982,183305,44892045,13144919154,2025-09-04T16:11:24.000Z
20250904,2645296,ST,J/O/O/K/E/R/808,32,106676720,106684622,139982,183305,44892045,13169306130,2025-09-05T15:15:53.000Z
20250905,2645296,ST,J/O/O/K/E/R/808,32,106835743,106836013,139982,183305,44892045,13203056130,2025-09-06T10:22:21.000Z
20250906,2645296,ST,J/O/O/K/E/R/808,32,107190134,107195570,139982,183305,44892045,13236806130,2025-09-07T12:04:47.000Z
20250907,2645296,ST,J/O/O/K/E/R/808,32,107312630,107320622,139982,183367,44892045,13270556130,2025-09-08T17:33:08.000Z
20250908,2645296,ST,J/O/O/K/E/R/808,32,107544106,107545720,139982,183367,44892045,13293056130,2025-09-09T12:03:16.000Z
20250911,2645296,ST,J/O/O/K/E/R/808,32,108232332,108240462,139982,183367,44892045,13371806130,2025-09-12T10:17:47.000Z
20250912,2645296,ST,J/O/O/K/E/R/808,32,108518762,108521738,139982,183367,44892045,13405556130,2025-09-13T14:49:04.000Z
20250913,2645296,ST,J/O/O/K/E/R/808,32,108828270,108829524,139982,183367,44892045,13439306130,2025-09-14T15:11:05.000Z
20250914,2645296,ST,J/O/O/K/E/R/808,32,108888813,108892767,139982,183367,44892045,13473506130,2025-09-15T12:16:25.000Z
20250915,2645296,ST,J/O/O/K/E/R/808,32,109692398,109696790,139982,183367,44892045,13507120523,2025-09-16T15:32:30.000Z
20250916,2645296,ST,J/O/O/K/E/R/808,32,111037917,111040545,139982,183367,44892045,13538698760,2025-09-17T14:04:12.000Z
20250917,2645296,ST,J/O/O/K/E/R/808,32,113671999,113673169,139982,183645,44892045,13583698760,2025-09-18T15:28:39.000Z
20250918,2645296,ST,J/O/O/K/E/R/808,32,113803714,113805028,139982,183645,44892045,13606198760,2025-09-19T11:50:05.000Z
20250919,2645296,ST,J/O/O/K/E/R/808,32,113808466,113823652,139982,183645,44892045,13617448760,2025-09-20T13:14:21.000Z
20250920,2645296,ST,J/O/O/K/E/R/808,32,114569740,114578062,140126,185653,45004845,13647077971,2025-09-22T15:16:44.000Z
20250921,2645296,ST,J/O/O/K/E/R/808,32,114835831,114847927,140126,185753,45004845,13686681078,2025-09-22T16:03:24.000Z
20250922,2645296,ST,J/O/O/K/E/R/808,32,115136783,115149731,140238,186293,45057625,13700181078,2025-09-23T10:34:35.000Z
20250923,2645296,ST,J/O/O/K/E/R/808,32,115470307,115477339,140604,187157,45339025,13732049099,2025-09-24T15:52:24.000Z
20250924,2645296,ST,J/O/O/K/E/R/808,32,114977915,115500141,141236,188481,45835425,13757565361,2025-09-25T12:38:02.000Z
20250925,2645296,ST,J/O/O/K/E/R/808,32,113528359,115805989,141560,189747,46021425,13766308772,2025-09-26T17:18:29.000Z
20250926,2645296,ST,J/O/O/K/E/R/808,32,115952309,115988717,141560,189837,46021425,13798943747,2025-09-27T18:18:15.000Z
20250927,2645296,ST,J/O/O/K/E/R/808,32,116036479,116762095,141560,190111,46021425,13828743520,2025-09-28T15:56:59.000Z
20250928,2645296,ST,J/O/O/K/E/R/808,32,116079526,116770070,141560,190201,46021425,13874109227,2025-09-29T11:20:22.000Z
20250929,2645296,ST,J/O/O/K/E/R/808,32,113113679,116773145,141576,190481,46034625,13897642507,2025-09-30T14:17:21.000Z
20250930,2645296,ST,J/O/O/K/E/R/808,32,117574157,117613771,141704,191179,46139025,13923744253,2025-10-01T14:17:19.000Z
20251001,2645296,ST,J/O/O/K/E/R/808,32,118454818,118460080,141704,191179,46139025,13946033408,2025-10-02T15:31:53.000Z
20251002,2645296,ST,J/O/O/K/E/R/808,32,118655086,118662184,141704,191179,46139025,13968438964,2025-10-03T16:41:40.000Z
20251003,2645296,ST,J/O/O/K/E/R/808,32,118683312,118686462,141704,191179,46139025,13979688964,2025-10-04T13:54:18.000Z
20251004,2645296,ST,J/O/O/K/E/R/808,32,118857804,118870728,141704,191179,46139025,14002188964,2025-10-05T14:24:37.000Z
20251005,2645296,ST,J/O/O/K/E/R/808,32,119152842,119160354,141704,191179,46139025,14023990318,2025-10-06T19:33:23.000Z
20251006,2645296,ST,J/O/O/K/E/R/808,32,78364736,119346585,141712,191739,46146225,14046030772,2025-10-07T22:02:26.000Z
20251008,2645296,ST,J/O/O/K/E/R/808,32,119531362,119629332,141712,191829,46146225,14100535305,2025-10-09T18:54:11.000Z
20251009,2645296,ST,J/O/O/K/E/R/808,32,96282669,119762893,141814,192193,46202025,14124693914,2025-10-10T14:05:44.000Z
20251010,2645296,ST,J/O/O/K/E/R/808,32,99653432,120315097,142302,192861,46491225,14126362894,2025-10-11T16:59:02.000Z
20251011,2645296,ST,J/O/O/K/E/R/808,32,120357109,120421960,142586,192949,46608025,14137497088,2025-10-12T19:05:02.000Z
20251012,2645296,ST,J/O/O/K/E/R/808,32,120367077,120429560,142586,192949,46608025,14171247088,2025-10-13T16:31:11.000Z
20251013,2645296,ST,J/O/O/K/E/R/808,32,116092031,120911412,142586,192949,46608025,14193632704,2025-10-14T13:38:27.000Z
20251014,2645296,ST,J/O/O/K/E/R/808,32,115397797,120996412,142586,192949,46608025,14227382704,2025-10-15T16:04:52.000Z
20251017,2645296,ST,J/O/O/K/E/R/808,32,116725422,121528988,142586,192949,46608025,14294882704,2025-10-19T08:49:49.000Z
20251018,2645296,ST,J/O/O/K/E/R/808,32,117082864,121866722,142586,193039,46608025,14317382704,2025-10-19T09:42:39.000Z
20251019,2645296,ST,J/O/O/K/E/R/808,32,117331895,121866722,142586,193039,46608025,14351132704,2025-10-20T15:37:50.000Z
20251020,2645296,ST,J/O/O/K/E/R/808,32,117629642,122006365,142586,193039,46608025,14373632704,2025-10-21T11:23:27.000Z
20251021,2645296,ST,J/O/O/K/E/R/808,32,117689792,122017503,142586,193039,46608025,14384882704,2025-10-22T18:11:11.000Z
20251022,2645296,ST,J/O/O/K/E/R/808,32,117880426,122023453,142586,193039,46608025,14407382704,2025-10-23T18:19:54.000Z
20251023,2645296,ST,J/O/O/K/E/R/808,32,118127038,122238536,142586,193039,46608025,14418632704,2025-10-24T11:29:01.000Z
20251024,2645296,ST,J/O/O/K/E/R/808,32,118977787,122701951,142586,193039,46608025,14441132704,2025-10-25T12:23:15.000Z
20251025,2645296,ST,J/O/O/K/E/R/808,32,121637573,123214085,142586,193039,46608025,14474882704,2025-10-26T13:48:34.000Z
20251026,2645296,ST,J/O/O/K/E/R/808,32,121658588,123233702,142586,193039,46608025,14508632704,2025-10-27T16:21:43.000Z
20251027,2645296,ST,J/O/O/K/E/R/808,32,122053908,123438217,142586,193039,46608025,14531132704,2025-10-28T14:38:55.000Z
20251028,2645296,ST,J/O/O/K/E/R/808,32,122062312,123442841,142586,193039,46608025,14564064841,2025-10-29T12:57:42.000Z
20251029,2645296,ST,J/O/O/K/E/R/808,32,122076345,123450516,142586,193039,46608025,14575314841,2025-10-31T12:31:07.000Z
20251030,2645296,ST,J/O/O/K/E/R/808,32,122702462,124015167,142586,193039,46608025,14605821523,2025-10-31T13:20:02.000Z
20251031,2645296,ST,J/O/O/K/E/R/808,32,122861970,124041131,142586,193039,46608025,14638871523,2025-11-01T18:14:43.000Z
20251101,2645296,ST,J/O/O/K/E/R/808,32,121724545,124501078,142586,193129,46608025,14657020218,2025-11-02T18:39:50.000Z
20251102,2645296,ST,J/O/O/K/E/R/808,32,121785172,124533153,142828,195253,46783825,14680415630,2025-11-03T11:49:24.000Z
20251103,2645296,ST,J/O/O/K/E/R/808,32,122136263,124818465,142920,196101,46863425,14709663576,2025-11-04T12:09:51.000Z
20251104,2645296,ST,J/O/O/K/E/R/808,32,122631840,125054705,143312,197917,47189325,14748155622,2025-11-05T16:46:24.000Z
20251105,2645296,ST,J/O/O/K/E/R/808,32,125193702,125481391,143779,199313,47575625,14765276212,2025-11-06T18:41:05.000Z
20251106,2645296,ST,J/O/O/K/E/R/808,32,125510702,125752057,144157,199771,47828225,14792142379,2025-11-07T13:27:11.000Z
20251107,2645296,ST,J/O/O/K/E/R/808,32,128205638,128223824,144775,201419,48369225,14833047825,2025-11-08T18:35:30.000Z
20251108,2645296,ST,J/O/O/K/E/R/808,32,128505911,128521385,144816,202233,48403325,14854788384,2025-11-09T09:53:05.000Z
20251109,2645296,ST,J/O/O/K/E/R/808,32,129687688,129691018,144956,203851,48509525,14887160654,2025-11-11T10:16:55.000Z
20251110,2645296,ST,J/O/O/K/E/R/808,32,129374527,130012878,145040,205129,48580725,14914509767,2025-11-11T14:35:21.000Z
20251111,2645296,ST,J/O/O/K/E/R/808,32,129646661,130058853,145040,205129,48580725,14941706140,2025-11-12T16:43:08.000Z
20251114,2645296,ST,J/O/O/K/E/R/808,32,131506609,131532643,146767,211070,49835905,15043621499,2025-11-15T21:32:27.000Z
20251115,2645296,ST,J/O/O/K/E/R/808,32,132031758,132065304,147147,212796,50168905,15088510483,2025-11-16T19:05:33.000Z
20251116,2645296,ST,J/O/O/K/E/R/808,32,132052338,132083424,147289,214127,50287505,15122743666,2025-11-17T15:18:34.000Z
20251117,2645296,ST,J/O/O/K/E/R/808,32,132278561,132391460,147295,214703,50291705,15134399100,2025-11-19T12:55:23.000Z
20251119,2645296,ST,J/O/O/K/E/R/808,32,133924100,133963604,147361,215176,50345105,15205341216,2025-11-20T11:14:24.000Z
20251121,2645296,ST,J/O/O/K/E/R/808,32,134574032,134606168,147361,215176,50345105,15244899319,2025-11-22T17:28:25.000Z
20251122,2645296,ST,J/O/O/K/E/R/808,32,134768848,134796634,147361,215176,50345105,15257776565,2025-11-23T18:02:18.000Z
20251123,2645296,ST,J/O/O/K/E/R/808,32,134921185,134945869,147397,215176,50377505,15271571855,2025-11-24T17:10:59.000Z
20251124,2645296,ST,J/O/O/K/E/R/808,32,89571536,135045599,147425,216029,50402705,15285071855,2025-11-25T17:59:08.000Z
20251125,2645296,ST,J/O/O/K/E/R/808,32,135258197,136624380,147581,216901,50489105,15321099199,2025-11-26T14:57:15.000Z
20251126,2645296,ST,J/O/O/K/E/R/808,32,135270688,136627355,148352,217847,51025805,15343781409,2025-11-27T18:15:44.000Z
20251127,2645296,ST,J/O/O/K/E/R/808,32,137750794,137224202,148432,218509,51097805,15396031013,2025-11-28T16:14:23.000Z
20251128,2645296,ST,J/O/O/K/E/R/808,32,137832524,137226202,148432,218509,51097805,15441031013,2025-11-29T19:27:55.000Z
20251129,2645296,ST,J/O/O/K/E/R/808,32,138112226,137461881,148432,218509,51097805,15479584555,2025-11-30T18:21:39.000Z
20251130,2645296,ST,J/O/O/K/E/R/808,32,138189980,137479731,148432,218813,51097805,15499784555,2025-12-01T18:14:16.000Z
20251201,2645296,ST,J/O/O/K/E/R/808,32,138394028,137802139,148432,218999,51097805,15515944555,2025-12-02T14:58:07.000Z
20251202,2645296,ST,J/O/O/K/E/R/808,32,139026827,138181957,148432,219182,51097805,15530084555,2025-12-03T15:44:40.000Z
20251203,2645296,ST,J/O/O/K/E/R/808,32,139446894,138453370,148432,219362,51097805,15560384555,2025-12-04T19:09:44.000Z
20251204,2645296,ST,J/O/O/K/E/R/808,32,139638500,138643464,148432,219362,51097805,15580584555,2025-12-05T17:42:44.000Z
20251205,2645296,ST,J/O/O/K/E/R/808,32,140075429,139127876,148432,219362,51097805,15610884555,2025-12-06T18:07:51.000Z
20251206,2629645,STK,J/O/O/K/E/R/808,32,140075829,139127876,148432,219362,51097805,15620984555,2025-12-07T15:19:58.000Z
20251207,2629645,STK,J/O/O/K/E/R/808,32,140568843,139153915,148432,219506,51097805,15651284555,2025-12-08T17:47:54.000Z
20251208,2629645,STK,J/O/O/K/E/R/808,32,140913762,139435468,148432,219523,51097805,15681946077,2025-12-09T16:38:05.000Z
20251209,2629645,STK,J/O/O/K/E/R/,32,141370123,139719949,148432,219523,51097805,15710485760,2025-12-10T18:25:36.000Z
20251212,2629645,STK,J/O/O/K/E/R/,32,142657792,141052876,148432,219594,51097805,15771238417,2025-12-13T17:46:52.000Z
20251213,2629645,STK,J/O/O/K/E/R/,32,143087985,141433566,148432,219667,51097805,15798238417,2025-12-14T19:25:07.000Z
20251214,2629645,STK,J/O/O/K/E/R/,32,143122081,141467662,148432,219687,51097805,15831988417,2025-12-15T12:44:32.000Z
20251215,2629645,STK,J/O/O/K/E/R/,32,142076767,141757909,148432,219838,51097805,15854488417,2025-12-16T12:19:53.000Z
20251216,2629645,STK,J/O/O/K/E/R/,32,143887656,142222598,148432,219925,51097805,15879191596,2025-12-17T18:24:26.000Z
20251217,2629645,STK,J/O/O/K/E/R/,32,144635484,142968463,148432,220051,51097805,15906191596,2025-12-18T16:51:30.000Z
20251218,2629645,STK,J/O/O/K/E/R/,32,145030640,143364285,148432,220051,51097805,15919691596,2025-12-19T11:49:01.000Z
20251219,2629645,STK,J/O/O/K/E/R/,32,146231517,144552057,148432,220250,51097805,15960191596,2025-12-20T10:21:00.000Z
20251220,2629645,STK,J/O/O/K/E/R/,32,144855258,144904104,148450,220902,51114005,15991645034,2025-12-21T18:10:34.000Z
20251221,2629645,STK,J/O/O/K/E/R/,32,144962135,145027379,148450,221461,51114005,16025745973,2025-12-23T10:59:35.000Z
20251222,2629645,STK,J/O/O/K/E/R/,32,143839595,145358828,148596,222056,51245405,16036995973,2025-12-23T14:20:10.000Z
20251223,2629645,STK,J/O/O/K/E/R/,32,144475158,145789488,148994,222737,51484405,16059355310,2025-12-24T16:59:38.000Z
20251226,2629645,STK,J/O/O/K/E/R/,32,144922120,146219027,148994,222952,51484405,16126231743,2025-12-27T18:27:11.000Z
20251227,2629645,STK,J/O/O/K/E/R/,32,144726635,146343732,148994,222958,51484405,16148731743,2025-12-28T20:19:48.000Z
20251228,2629645,STK,J/O/O/K/E/R/,32,146177846,147488281,148994,223053,51484405,16193731743,2025-12-29T15:02:24.000Z
20251229,2629645,STK,J/O/O/K/E/R/,32,146094667,147522256,148994,223053,51484405,16227481743,2025-12-30T19:03:02.000Z
20251230,2629645,STK,J/O/O/K/E/R/,32,145999518,147594037,148994,223264,51484405,16261231743,2025-12-31T14:54:51.000Z
20251231,2629645,STK,J/O/O/K/E/R/,32,148400218,148400218,148994,223264,51484405,16283731743,2026-01-01T19:00:36.000Z